<?xml version="1.0" encoding="UTF-8"?>
<project-private xmlns="http://www.netbeans.org/ns/project-private/1">
    <editor-bookmarks xmlns="http://www.netbeans.org/ns/editor-bookmarks/2" lastBookmarkId="0"/>
    <open-files xmlns="http://www.netbeans.org/ns/projectui-open-files/2">
        <group>
            <file>file:/D:/PRAKTIKUM/PRAKTIKUM%20SEMESTER%203/PROJECK%20AKHIR/Achmad_rendi_setiawan_ProjekAkhir/src/Login.java</file>
            <file>file:/D:/PRAKTIKUM/PRAKTIKUM%20SEMESTER%203/PROJECK%20AKHIR/Achmad_rendi_setiawan_ProjekAkhir/src/form_utama.java</file>
            <file>file:/D:/PRAKTIKUM/PRAKTIKUM%20SEMESTER%203/PROJECK%20AKHIR/Achmad_rendi_setiawan_ProjekAkhir/src/form_pasien.java</file>
            <file>file:/D:/PRAKTIKUM/PRAKTIKUM%20SEMESTER%203/PROJECK%20AKHIR/Achmad_rendi_setiawan_ProjekAkhir/src/form_dokter.java</file>
            <file>file:/D:/PRAKTIKUM/PRAKTIKUM%20SEMESTER%203/PROJECK%20AKHIR/Achmad_rendi_setiawan_ProjekAkhir/src/form_obat.java</file>
            <file>file:/D:/PRAKTIKUM/PRAKTIKUM%20SEMESTER%203/PROJECK%20AKHIR/Achmad_rendi_setiawan_ProjekAkhir/src/daftar.java</file>
            <file>file:/D:/PRAKTIKUM/PRAKTIKUM%20SEMESTER%203/PROJECK%20AKHIR/Achmad_rendi_setiawan_ProjekAkhir/src/koneksi.java</file>
            <file>file:/D:/PRAKTIKUM/PRAKTIKUM%20SEMESTER%203/PROJECK%20AKHIR/Achmad_rendi_setiawan_ProjekAkhir/src/form_cekout_pasien.java</file>
            <file>file:/D:/PRAKTIKUM/PRAKTIKUM%20SEMESTER%203/PROJECK%20AKHIR/Achmad_rendi_setiawan_ProjekAkhir/src/pegawai.java</file>
        </group>
    </open-files>
</project-private>
